{"initial_reset_timestamp": 1500531993.084884, "timestamps": [1500532000.870711, 1500532005.371188, 1500532007.437846, 1500532009.855655, 1500532012.1884348, 1500532014.921456, 1500532016.9725492, 1500532017.074645, 1500532017.306865, 1500532017.418303, 1500532017.50979, 1500532017.613194, 1500532017.72561, 1500532017.7935119, 1500532017.888126, 1500532017.9672918, 1500532018.0727239, 1500532018.163742, 1500532018.256317, 1500532018.35401, 1500532018.443858, 1500532018.5243871, 1500532018.6250591, 1500532018.6873128, 1500532018.778142, 1500532018.862095, 1500532018.9599, 1500532019.240937, 1500532019.3314612, 1500532019.4096682, 1500532019.502476, 1500532019.601635, 1500532019.69518, 1500532019.814552, 1500532019.9195552, 1500532020.019902, 1500532020.1250381, 1500532020.211377, 1500532020.2867599, 1500532020.371856, 1500532020.464642, 1500532020.574848, 1500532020.6729221, 1500532020.743955, 1500532020.8301198, 1500532020.919828, 1500532021.008951, 1500532021.1154041, 1500532021.2089112, 1500532021.281352, 1500532021.379197, 1500532021.472039, 1500532021.5462248, 1500532021.642855, 1500532021.7439392, 1500532021.840598, 1500532021.93155, 1500532022.007349, 1500532022.109748, 1500532022.211322, 1500532022.3034801, 1500532022.4105768, 1500532022.517972, 1500532022.595111, 1500532022.8163211, 1500532022.917809, 1500532023.007427, 1500532023.0744371, 1500532023.168641, 1500532023.2430458, 1500532023.346804, 1500532023.433373, 1500532023.5325801, 1500532023.648382, 1500532023.746357, 1500532023.84092, 1500532023.951884, 1500532024.060467, 1500532024.1477509, 1500532024.233164, 1500532024.323148, 1500532024.417305, 1500532024.50253, 1500532024.6078122, 1500532024.719091, 1500532024.820106, 1500532024.914361, 1500532025.0337129, 1500532025.130599, 1500532025.244065, 1500532025.355683, 1500532025.459578, 1500532025.548796, 1500532025.655305, 1500532025.751724, 1500532025.839551, 1500532025.920489, 1500532026.0168169, 1500532026.1109009, 1500532026.195324, 1500532026.3172748, 1500532026.440898, 1500532026.523676, 1500532026.630524, 1500532026.767509, 1500532026.86762, 1500532026.972527, 1500532027.041395, 1500532027.1527731, 1500532027.238186, 1500532027.3318698, 1500532027.442692, 1500532027.574262, 1500532027.6657221, 1500532027.747863, 1500532027.879406, 1500532027.9849448, 1500532028.0908391, 1500532028.186849, 1500532028.307785, 1500532028.408608, 1500532028.512088, 1500532028.637717, 1500532028.734993, 1500532028.808244, 1500532029.069778, 1500532029.180199, 1500532029.278992, 1500532029.397237, 1500532029.504823, 1500532029.625786, 1500532029.709035, 1500532029.819273, 1500532029.907488, 1500532030.014029, 1500532030.107983, 1500532030.225451, 1500532030.3349361, 1500532030.433662, 1500532030.529058, 1500532030.616471, 1500532030.74766, 1500532030.880076, 1500532030.964571, 1500532031.0747259, 1500532031.182733, 1500532031.30769, 1500532031.4164119, 1500532031.5043032, 1500532031.6280901, 1500532031.7461052, 1500532031.866219, 1500532031.979715, 1500532032.111947, 1500532032.23197, 1500532032.318441, 1500532032.428413, 1500532032.520908, 1500532032.617137, 1500532032.721817, 1500532032.8392088, 1500532032.949301, 1500532033.031858, 1500532033.1630871, 1500532033.289322, 1500532033.398826, 1500532033.495703, 1500532033.640036, 1500532033.758362, 1500532033.847976, 1500532033.903021, 1500532034.009561, 1500532034.167973, 1500532034.3041291, 1500532034.438126, 1500532034.5285518, 1500532034.645088, 1500532034.7644532, 1500532034.89024, 1500532034.9944289, 1500532035.092264, 1500532035.2093692, 1500532035.332182, 1500532035.45567, 1500532035.582943, 1500532035.684188, 1500532035.798966, 1500532035.910478, 1500532036.0113401, 1500532036.155842, 1500532036.2756329, 1500532036.372925, 1500532036.4809752, 1500532036.58607, 1500532036.713442, 1500532036.8320389, 1500532036.960414, 1500532037.0798552, 1500532037.185415, 1500532037.284773], "episode_lengths": [181, 132, 121, 145, 140, 161, 143, 163, 143, 175, 147, 163, 180, 113, 143, 132, 173, 139, 155, 157, 148, 133, 163, 104, 151, 124, 156, 168, 142, 131, 145, 164, 152, 197, 163, 162, 170, 128, 118, 135, 141, 179, 151, 117, 136, 135, 150, 167, 153, 121, 157, 154, 121, 145, 166, 148, 145, 122, 152, 156, 135, 169, 160, 123, 133, 144, 137, 94, 143, 115, 127, 124, 148, 163, 147, 130, 161, 160, 118, 120, 125, 131, 123, 155, 154, 149, 129, 174, 141, 159, 164, 142, 130, 153, 135, 126, 115, 123, 129, 119, 160, 173, 109, 150, 188, 143, 150, 85, 160, 124, 125, 159, 175, 130, 120, 179, 150, 141, 136, 173, 138, 150, 161, 140, 105, 120, 153, 144, 156, 155, 162, 122, 153, 119, 151, 127, 162, 155, 130, 133, 120, 175, 186, 107, 148, 149, 167, 153, 110, 161, 157, 149, 148, 155, 162, 116, 137, 126, 129, 130, 156, 140, 110, 158, 130, 133, 130, 183, 161, 111, 73, 145, 198, 175, 169, 114, 158, 150, 166, 130, 131, 155, 154, 151, 162, 137, 156, 140, 134, 179, 150, 129, 135, 142, 165, 163, 172, 156, 141, 122], "episode_rewards": [181.0, 132.0, 121.0, 145.0, 140.0, 161.0, 143.0, 163.0, 143.0, 175.0, 147.0, 163.0, 180.0, 113.0, 143.0, 132.0, 173.0, 139.0, 155.0, 157.0, 148.0, 133.0, 163.0, 104.0, 151.0, 124.0, 156.0, 168.0, 142.0, 131.0, 145.0, 164.0, 152.0, 197.0, 163.0, 162.0, 170.0, 128.0, 118.0, 135.0, 141.0, 179.0, 151.0, 117.0, 136.0, 135.0, 150.0, 167.0, 153.0, 121.0, 157.0, 154.0, 121.0, 145.0, 166.0, 148.0, 145.0, 122.0, 152.0, 156.0, 135.0, 169.0, 160.0, 123.0, 133.0, 144.0, 137.0, 94.0, 143.0, 115.0, 127.0, 124.0, 148.0, 163.0, 147.0, 130.0, 161.0, 160.0, 118.0, 120.0, 125.0, 131.0, 123.0, 155.0, 154.0, 149.0, 129.0, 174.0, 141.0, 159.0, 164.0, 142.0, 130.0, 153.0, 135.0, 126.0, 115.0, 123.0, 129.0, 119.0, 160.0, 173.0, 109.0, 150.0, 188.0, 143.0, 150.0, 85.0, 160.0, 124.0, 125.0, 159.0, 175.0, 130.0, 120.0, 179.0, 150.0, 141.0, 136.0, 173.0, 138.0, 150.0, 161.0, 140.0, 105.0, 120.0, 153.0, 144.0, 156.0, 155.0, 162.0, 122.0, 153.0, 119.0, 151.0, 127.0, 162.0, 155.0, 130.0, 133.0, 120.0, 175.0, 186.0, 107.0, 148.0, 149.0, 167.0, 153.0, 110.0, 161.0, 157.0, 149.0, 148.0, 155.0, 162.0, 116.0, 137.0, 126.0, 129.0, 130.0, 156.0, 140.0, 110.0, 158.0, 130.0, 133.0, 130.0, 183.0, 161.0, 111.0, 73.0, 145.0, 198.0, 175.0, 169.0, 114.0, 158.0, 150.0, 166.0, 130.0, 131.0, 155.0, 154.0, 151.0, 162.0, 137.0, 156.0, 140.0, 134.0, 179.0, 150.0, 129.0, 135.0, 142.0, 165.0, 163.0, 172.0, 156.0, 141.0, 122.0], "episode_types": ["t", "t", "t", "t", "t", "t", "t", "t", "t", "t", "t", "t", "t", "t", "t", "t", "t", "t", "t", "t", "t", "t", "t", "t", "t", "t", "t", "t", "t", "t", "t", "t", "t", "t", "t", "t", "t", "t", "t", "t", "t", "t", "t", "t", "t", "t", "t", "t", "t", "t", "t", "t", "t", "t", "t", "t", "t", "t", "t", "t", "t", "t", "t", "t", "t", "t", "t", "t", "t", "t", "t", "t", "t", "t", "t", "t", "t", "t", "t", "t", "t", "t", "t", "t", "t", "t", "t", "t", "t", "t", "t", "t", "t", "t", "t", "t", "t", "t", "t", "t", "t", "t", "t", "t", "t", "t", "t", "t", "t", "t", "t", "t", "t", "t", "t", "t", "t", "t", "t", "t", "t", "t", "t", "t", "t", "t", "t", "t", "t", "t", "t", "t", "t", "t", "t", "t", "t", "t", "t", "t", "t", "t", "t", "t", "t", "t", "t", "t", "t", "t", "t", "t", "t", "t", "t", "t", "t", "t", "t", "t", "t", "t", "t", "t", "t", "t", "t", "t", "t", "t", "t", "t", "t", "t", "t", "t", "t", "t", "t", "t", "t", "t", "t", "t", "t", "t", "t", "t", "t", "t", "t", "t", "t", "t", "t", "t", "t", "t", "t", "t"]}